,nombre,match_id,posicion,pj,pt,goles,asistencias,tarjetas,equipo,porteria
811,K. Mbappé,231747,delantero,35,34,28,17,10,psg,0
13,K. Benzema,165153,delantero,32,31,27,12,0,real_madrid,0
609,C. Immobile,192387,delantero,31,31,27,2,4,lazio,0
834,W. Ben Yedder,199451,delantero,37,29,25,5,3,monaco,0
293,M. Salah,209331,delantero,35,30,23,13,1,liverpool,0
327,Heung-Min Son,200104,delantero,35,35,23,7,2,tottenham_hotspur,0
902,M. Dembélé,231443,delantero,30,25,21,4,6,olympique_lyonnais,0
568,Lautaro Martínez,231478,delantero,35,28,21,3,6,inter,0
851,Martin Terrier,236786,delantero,37,37,21,3,1,stade_rennais,0
352,C. Ronaldo,20801,delantero,30,27,18,3,8,manchester_united,0
11,Vinícius Júnior,238794,delantero,35,30,17,10,6,real_madrid,0
326,Harry Kane,202126,delantero,37,36,17,9,5,tottenham_hotspur,0
674,G. Simeone,216816,delantero,35,32,17,5,8,hellas_verona,0
150,Iago Aspas,192629,delantero,37,36,17,5,8,celta,0
624,Tammy Abraham,231352,delantero,37,36,17,4,9,roma,0
192,Raúl De Tomás,210315,delantero,34,33,17,3,7,espanyol,0
77,Juanmi,197891,delantero,33,26,16,4,5,real_betis,0
295,Sadio Mané,208722,delantero,34,32,16,2,5,liverpool,0
865,A. Delort,193983,delantero,32,26,16,2,3,nice,0
200,Enes Ünal,223197,delantero,37,33,16,1,8,getafe,0
692,G. Scamacca,226710,delantero,36,25,16,0,7,sassuolo,0
693,D. Berardi,210935,delantero,33,33,15,15,9,sassuolo,0
276,K. De Bruyne,198717,mediocentro,30,25,15,8,2,manchester_city,0
298,Diogo Jota,224458,delantero,35,27,15,4,3,liverpool,0
384,Jamie Vardy,208830,delantero,25,20,15,2,2,leicester,0
928,Jonathan David,198717,delantero,38,32,15,0,3,lille,0
1014,Mohamed Bayo,241821,delantero,32,27,14,6,1,clermont,0
265,Joselu,173608,delantero,37,35,14,4,0,deportivo_alavés,0
582,V. Osimhen,198717,delantero,27,23,14,2,6,napoli,0
439,Wilfried Zaha,198717,delantero,33,31,14,1,5,crystal_palace,0
716,M. Arnautović,184200,delantero,33,32,14,1,6,bologna,0
255,Morales,216475,delantero,35,31,13,7,7,levante,0
656,Mario Pašalić,223273,mediocentro,37,24,13,6,3,atalanta,0
709,G. Deulofeu,202477,delantero,34,31,13,6,9,udinese,0
569,E. Džeko,180930,delantero,36,27,13,6,2,inter,0
815,Neymar,190871,delantero,22,22,13,6,10,psg,0
279,R. Sterling,202652,delantero,30,23,13,5,1,manchester_city,0
777,João Pedro,199254,delantero,37,37,13,4,9,cagliari,0
729,A. Pinamonti,235842,delantero,36,32,13,2,4,empoli,0
822,D. Payet,199652,mediocentro,31,28,12,11,3,olympique_marseille,0
369,Jarrod Bowen,224371,delantero,36,34,12,10,6,west_ham,0
380,J. Maddison,220697,mediocentro,35,28,12,8,3,leicester,0
850,G. Laborde,209519,delantero,34,32,12,8,1,stade_rennais,0
670,G. Caprari,202848,mediocentro,35,33,12,7,4,hellas_verona,0
879,L. Ajorque,219733,delantero,36,31,12,7,6,strasbourg,0
453,Ivan Toney,212228,delantero,33,32,12,5,8,brentford,0
49,Ángel Correa,214997,delantero,36,21,12,5,4,atlético,0
901,Toko Ekambi,224069,delantero,30,26,12,5,3,olympique_lyonnais,0
911,Kolo Muani,237679,delantero,36,34,12,4,2,nantes,0
33,Memphis,202556,delantero,28,20,12,2,3,barcelona,0
890,A. Kalimuendo,253444,delantero,32,27,12,0,2,lens,0
843,B. Bourigeaud,214097,mediocentro,38,38,11,12,2,stade_rennais,0
549,Rafael Leão,241721,delantero,34,31,11,11,4,milan,0
606,S. Milinković-Savić,223848,mediocentro,37,36,11,11,5,lazio,0
310,Mason Mount,233064,mediocentro,32,27,11,10,4,chelsea,0
584,L. Insigne,198219,delantero,32,28,11,9,2,napoli,0
339,Bukayo Saka,246669,delantero,38,36,11,7,6,arsenal,0
128,Gonçalo Guedes,224411,delantero,36,30,11,6,3,valencia,0
668,A. Barák,236791,mediocentro,29,27,11,5,4,hellas_verona,0
126,Carlos Soler,234153,mediocentro,32,28,11,5,4,valencia,0
280,R. Mahrez,204485,delantero,28,15,11,5,0,manchester_city,0
742,F. Caputo,189053,delantero,36,31,11,5,0,sampdoria,0
660,D. Zapata,215333,delantero,24,20,11,4,3,atalanta,0
936,Franck Honorat,220876,delantero,34,34,11,4,3,stade_brestois,0
501,Raphinha,233419,delantero,35,34,11,3,7,leeds_united,0
536,T. Pukki,190362,delantero,37,37,11,3,4,norwich_city,0
552,O. Giroud,178509,delantero,29,22,11,3,4,milan,0
46,Luis Suárez,176580,delantero,35,20,11,3,7,atlético,0
878,Kévin Gameiro,176600,delantero,35,28,11,3,0,strasbourg,0
465,Ollie Watkins,221697,delantero,35,33,11,2,7,aston_villa,0
1057,Ui-Jo Hwang,212260,delantero,31,29,11,2,3,girondins_bordeaux,0
877,Habib Diallo,239452,delantero,31,16,11,1,2,strasbourg,0
30,P. Aubameyang,188567,delantero,17,13,11,1,0,barcelona,0
576,Dries Mertens,175943,mediocentro,30,16,11,1,2,napoli,0
706,Beto,251892,delantero,28,24,11,0,1,udinese,0
370,M. Antonio,190717,delantero,36,34,10,8,7,west_ham,0
861,Amine Gouiri,240753,delantero,38,32,10,8,3,nice,0
688,G. Raspadori,253002,mediocentro,36,32,10,6,8,sassuolo,0
527,E. Dennis,239015,delantero,33,30,10,6,8,watford,0
346,Bruno Fernandes,212198,mediocentro,36,35,10,6,10,manchester_united,0
594,Paulo Dybala,211110,mediocentro,29,26,10,6,3,juventus,0
492,Richarlison,231943,delantero,30,28,10,5,9,everton,0
471,J. Ward-Prowse,205569,mediocentro,36,36,10,5,4,southampton,0
243,Jorge Molina,154472,delantero,35,19,10,5,2,granada,0
912,Ludovic Blas,231102,delantero,35,35,10,5,10,nantes,0
106,A. Danjuma,236276,delantero,23,17,10,3,2,villarreal,0
955,Hugo Ekitiké,0,delantero,24,15,10,3,3,stade_de_reims,0
338,Smith Rowe,240273,mediocentro,33,21,10,2,1,arsenal,0
823,Cengiz Ünder,235889,delantero,32,25,10,2,1,olympique_marseille,0
966,Elye Wahi,260407,delantero,33,21,10,1,3,montpellier,0
63,Rafa Mir,231628,delantero,34,18,10,0,6,sevilla,0
74,Borja Iglesias,224179,delantero,33,18,10,0,4,real_betis,0
770,F. Bonazzoli,223137,delantero,32,19,10,0,6,salernitana,0
14,M. Asensio,220834,delantero,31,19,10,0,2,real_madrid,0
1028,Wahbi Khazri,194845,delantero,30,26,10,0,6,saint-étienne,0
835,Kevin Volland,200610,delantero,34,29,9,9,10,monaco,0
661,Luis Muriel,199110,delantero,27,17,9,8,1,atalanta,0
597,Á. Morata,201153,delantero,35,26,9,7,5,juventus,0
897,L. Paquetá,233927,mediocentro,35,32,9,6,3,olympique_lyonnais,0
1026,D. Bouanga,225951,delantero,34,28,9,6,5,saint-étienne,0
612,Pedro,251854,delantero,32,25,9,5,5,lazio,0
617,L. Pellegrini,243237,mediocentro,28,27,9,5,6,roma,0
278,Phil Foden,237692,delantero,28,24,9,5,1,manchester_city,0
73,Willian José,195093,delantero,32,19,9,4,1,real_betis,0
818,Gerson,229927,mediocentro,35,29,9,4,3,olympique_marseille,0
87,M. Oyarzabal,230142,delantero,22,19,9,3,1,real_sociedad,0
101,Gerard Moreno,208093,delantero,17,14,9,3,2,villarreal,0
798,Thomas Henry,231835,delantero,33,23,9,2,5,venezia,0
937,Steve Mounié,224883,delantero,35,25,9,2,2,stade_brestois,0
1058,A. Elis,263425,delantero,20,16,9,1,2,girondins_bordeaux,0
788,Mattia Destro,193338,delantero,27,21,9,1,4,genoa,0
519,Maxwel Cornet,0,delantero,26,21,9,1,2,burnley,0
849,S. Guirassy,0,delantero,37,7,9,0,1,stade_rennais,0
281,Gabriel Jesus,230666,delantero,28,21,8,9,1,manchester_city,0
571,Ivan Perišić,181458,delantero,35,35,8,7,4,inter,0
963,T. Savanier,0,mediocentro,29,28,8,7,9,montpellier,0
758,D. Verde,225844,delantero,33,21,8,6,2,spezia,0
371,S. Benrahma,220621,delantero,32,26,8,6,0,west_ham,0
116,I. Williams,216201,delantero,38,32,8,5,4,athletic,0
50,João Félix,242444,delantero,24,13,8,4,2,atlético,0
312,Kai Havertz,235790,delantero,29,22,8,4,3,chelsea,0
239,Luis Suárez,176580,delantero,37,34,8,4,6,granada,0
872,A. Thomasson,0,mediocentro,31,27,8,4,3,strasbourg,0
967,S. Mavididi,0,delantero,30,27,8,4,4,montpellier,0
978,Sofiane Boufal,0,delantero,29,28,8,4,6,angers_sco,0
1000,Terem Moffi,0,delantero,37,34,8,4,1,lorient,0
432,C. Gallagher,238216,mediocentro,34,33,8,3,10,crystal_palace,0
176,Pere Milla,225926,delantero,32,17,8,3,5,elche,0
274,Bernardo Silva,218667,mediocentro,35,33,8,3,6,manchester_city,0
397,L. Trossard,207421,delantero,34,32,8,3,2,brighton_&_hove_albion,0
275,İ. Gündoğan,186942,mediocentro,27,20,8,3,1,manchester_city,0
554,Z. Ibrahimovic,41236,delantero,23,11,8,3,2,milan,0
1015,E. Rashani,0,delantero,29,22,8,3,3,clermont,0
166,Sergi Guardiola,229624,delantero,32,20,8,2,3,rayo_vallecano,0
399,Neal Maupay,211784,delantero,32,25,8,2,7,brighton_&_hove_albion,0
141,A. Budimir,188335,delantero,28,20,8,2,3,osasuna,0
885,Seko Fofana,263949,mediocentro,38,38,8,1,2,lens,0
502,Jack Harrison,232080,delantero,35,32,8,1,3,leeds_united,0
681,Andrea Belotti,208596,delantero,22,16,8,1,1,torino,0
425,Callum Wilson,196978,delantero,18,16,8,0,4,newcastle,0
313,R. Lukaku,192505,delantero,26,16,8,0,1,chelsea,0
562,H. Çalhanoğlu,208128,mediocentro,34,33,7,12,11,inter,0
732,A. Candreva,173221,defensa,36,36,7,10,7,sampdoria,0
639,Nicolás González,255069,delantero,33,26,7,6,3,fiorentina,0
467,Danny Ings,0,delantero,30,22,7,6,4,aston_villa,0
793,M. Aramu,219984,mediocentro,32,25,7,5,6,venezia,0
164,Álvaro García,216447,delantero,36,34,7,5,6,rayo_vallecano,0
336,M. Ødegaard,222665,mediocentro,36,32,7,4,4,arsenal,0
579,Fabián,209499,mediocentro,32,29,7,4,2,napoli,0
475,Ché Adams,226093,delantero,30,23,7,3,0,southampton,0
153,Santi Mina,212623,delantero,33,30,7,3,4,celta,0
175,Lucas Boyé,0,delantero,24,22,7,3,3,elche,0
256,Roger Martí,0,delantero,29,25,7,3,8,levante,0
682,Josip Brekalo,234711,delantero,32,26,7,2,1,torino,0
273,Rodri,231866,mediocentro,33,33,7,2,5,manchester_city,0
251,G. Melero,227508,mediocentro,29,20,7,2,5,levante,0
743,M. Gabbiadini,198683,delantero,18,15,7,2,3,sampdoria,0
228,Á. Negredo,146439,delantero,34,24,7,2,3,cádiz,0
691,Hamed Traorè,0,mediocentro,31,21,7,2,3,sassuolo,0
695,Nahuel Molina,0,defensa,35,31,7,2,6,udinese,0
824,A. Milik,0,delantero,23,15,7,2,1,olympique_marseille,0
975,T. Mangani,0,mediocentro,33,25,7,2,6,angers_sco,0
596,Dušan Vlahović,246430,delantero,15,12,7,1,2,juventus,0
127,Hugo Duro,243032,delantero,30,22,7,1,3,valencia,0
452,Yoane Wissa,234824,delantero,30,12,7,1,0,brentford,0
826,Bamba Dieng,0,delantero,25,11,7,1,1,olympique_marseille,0
797,D. Okereke,233732,delantero,32,24,7,0,6,venezia,0
810,L. Messi,158023,delantero,26,24,6,14,0,psg,0
382,Harvey Barnes,186905,delantero,32,24,6,10,2,leicester,0
913,Moses Simon,0,delantero,30,29,6,9,3,nantes,0
71,Nabil Fekir,216594,mediocentro,34,33,6,8,8,real_betis,0
610,Felipe Anderson,201995,delantero,38,33,6,8,2,lazio,0
844,Lovro Majer,0,mediocentro,29,21,6,8,1,stade_rennais,0
717,Musa Barrow,242374,delantero,34,25,6,6,0,bologna,0
47,Y. Carrasco,208418,delantero,34,28,6,6,5,atlético,0
340,Martinelli,0,delantero,29,21,6,6,2,arsenal,0
722,N. Bajrami,237640,mediocentro,35,23,6,5,3,empoli,0
578,P. Zieliński,210406,mediocentro,35,26,6,5,1,napoli,0
880,P. Frankowski,0,defensa,37,28,6,5,5,lens,0
104,Yéremy Pino,259377,delantero,31,21,6,4,2,villarreal,0
48,Matheus Cunha,240243,delantero,29,8,6,4,3,atlético,0
658,R. Malinovskyi,231969,mediocentro,30,19,6,4,10,atalanta,0
378,Y. Tielemans,216393,mediocentro,32,29,6,4,3,leicester,0
100,Manu Trigueros,206545,mediocentro,35,27,6,4,3,villarreal,0
59,Lucas Ocampos,205632,delantero,30,23,6,4,7,sevilla,0
408,Raúl Jiménez,204838,delantero,34,30,6,4,7,wolves,0
112,Oihan Sancet,0,mediocentro,27,16,6,4,2,athletic,0
838,Sofiane Diop,0,delantero,30,24,6,4,6,monaco,0
889,Florian Sotoca,0,delantero,35,28,6,4,7,lens,0
898,H. Aouar,0,mediocentro,36,29,6,4,1,olympique_lyonnais,0
438,O. Edouard,233866,delantero,28,18,6,3,4,crystal_palace,0
726,S. Żurkowski,239732,mediocentro,35,29,6,2,5,empoli,0
85,Alexander Isak,233731,delantero,32,26,6,2,6,real_sociedad,0
715,R. Orsolini,233556,delantero,29,21,6,2,2,bologna,0
366,Pablo Fornals,226456,mediocentro,36,32,6,2,4,west_ham,0
226,Choco Lozano,221992,delantero,31,21,6,2,8,cádiz,0
680,A. Sanabria,219932,delantero,29,22,6,2,3,torino,0
567,J. Correa,214997,mediocentro,26,12,6,2,2,inter,0
309,Jorginho,205498,mediocentro,29,26,6,2,5,chelsea,0
398,Danny Welbeck,186146,delantero,25,15,6,2,0,brighton_&_hove_albion,0
119,Raúl García,171579,delantero,35,24,6,2,4,athletic,0
144,Chimy Ávila,0,delantero,36,22,6,2,8,osasuna,0
242,Antonio Puertas,0,delantero,33,25,6,2,4,granada,0
862,K. Dolberg,0,delantero,26,19,6,2,0,nice,0
965,Florent Mollet,0,mediocentro,35,32,6,2,6,montpellier,0
1001,A. Laurienté,0,delantero,35,28,6,2,5,lorient,0
462,Jacob Ramsey,246923,mediocentro,34,29,6,1,6,aston_villa,0
198,B. Mayoral,228635,delantero,18,11,6,1,3,getafe,0
782,D. Criscito,173208,defensa,20,18,6,1,4,genoa,0
314,C. Pulišić,0,delantero,22,13,6,1,2,chelsea,0
504,Rodrigo Moreno,0,delantero,31,27,6,1,9,leeds_united,0
907,A. Girotto,0,defensa,36,36,6,1,8,nantes,0
478,A. Broja,256268,delantero,32,21,6,0,2,southampton,0
379,A. Lookman,230899,mediocentro,26,16,6,0,2,leicester,0
754,E. Gyasi,220491,delantero,36,35,6,0,10,spezia,0
29,Luuk De Jong,189805,delantero,21,6,6,0,1,barcelona,0
167,R. Falcao,167397,delantero,22,8,6,0,1,rayo_vallecano,0
544,Franck Kessié,0,mediocentro,31,25,6,0,2,milan,0
1059,Sékou Mara,0,delantero,27,8,6,0,2,girondins_bordeaux,0
881,J. Clauss,239093,defensa,37,35,5,11,3,lens,0
302,Reece James,238074,defensa,26,22,5,9,5,chelsea,0
607,Luis Alberto,198706,mediocentro,34,27,5,9,5,lazio,0
324,D. Kulusevski,247394,mediocentro,18,14,5,8,3,tottenham_hotspur,0
69,Sergio Canales,224013,mediocentro,34,33,5,8,7,real_betis,0
812,Á. Di María,0,delantero,26,19,5,7,3,psg,0
618,H. Mkhitaryan,192883,mediocentro,31,29,5,6,3,roma,0
177,Fidel,189172,delantero,33,29,5,6,9,elche,0
819,M. Guendouzi,0,mediocentro,38,35,5,6,6,olympique_marseille,0
103,Boulaye Dia,246242,delantero,25,13,5,5,3,villarreal,0
539,Theo Hernández,232656,defensa,32,30,5,5,7,milan,0
585,H. Lozano,221992,delantero,30,20,5,5,3,napoli,0
427,A. Saint-Maximin,216388,delantero,35,31,5,5,6,newcastle,0
677,Saša Lukić,236699,mediocentro,35,34,5,4,10,torino,0
558,D. Dumfries,233096,defensa,33,21,5,4,3,inter,0
493,Demarai Gray,220633,delantero,34,28,5,4,3,everton,0
297,Roberto Firmino,201942,delantero,20,10,5,4,3,liverpool,0
973,A. Fulgini,0,mediocentro,36,35,5,4,6,angers_sco,0
385,Patson Daka,241202,delantero,23,13,5,3,2,leicester,0
214,Vedat Muriqi,223710,delantero,16,16,5,3,6,mallorca,0
66,Álex Moreno,217036,defensa,30,28,5,3,5,real_betis,0
769,Milan Đurić,192840,delantero,33,23,5,3,6,salernitana,0
463,P. Coutinho,189242,mediocentro,19,16,5,3,0,aston_villa,0
367,M. Lanzini,188988,mediocentro,30,19,5,3,2,west_ham,0
211,Salva Sevilla,158144,mediocentro,28,17,5,3,2,mallorca,0
528,Joshua King,0,delantero,32,27,5,3,5,watford,0
847,F. Tait,0,mediocentro,28,24,5,3,3,stade_rennais,0
939,J. Le Douaron,0,delantero,32,16,5,3,0,stade_brestois,0
545,Sandro Tonali,241096,mediocentro,36,31,5,2,9,milan,0
551,Junior Messias,240938,delantero,26,14,5,2,2,milan,0
394,A. Mac Allister,239837,mediocentro,33,22,5,2,4,brighton_&_hove_albion,0
526,Ismaïla Sarr,235353,delantero,22,21,5,2,2,watford,0
570,Alexis Sánchez,234772,delantero,27,7,5,2,0,inter,0
490,D. Calvert-Lewin,221479,delantero,17,15,5,2,2,everton,0
62,Erik Lamela,170368,delantero,20,10,5,2,5,sevilla,0
524,Cucho,0,delantero,25,11,5,2,3,watford,0
600,Moise Kean,0,delantero,32,12,5,2,5,juventus,0
983,X. Chavalerin,0,mediocentro,34,31,5,2,4,troyes,0
1044,N. De Préville,0,delantero,27,24,5,2,5,metz,0
354,M. Greenwood,253407,delantero,18,16,5,1,1,manchester_united,0
712,Aaron Hickey,248808,defensa,36,34,5,1,8,bologna,0
91,Pau Torres,241464,defensa,33,33,5,1,5,villarreal,0
129,Maxi Gómez,239207,delantero,29,21,5,1,6,valencia,0
343,Eddie Nketiah,236988,delantero,21,8,5,1,3,arsenal,0
364,Tomáš Souček,236792,mediocentro,35,34,5,1,3,west_ham,0
58,Y. En-Nesyri,235410,delantero,23,15,5,1,1,sevilla,0
410,Hee-Chan Hwang,226380,delantero,30,20,5,1,2,wolves,0
632,Lucas Torreira,223959,mediocentro,31,26,5,1,9,fiorentina,0
287,Fabinho,209499,mediocentro,29,26,5,1,7,liverpool,0
778,L. Pavoletti,205850,delantero,33,14,5,1,9,cagliari,0
143,Kike García,192678,delantero,33,18,5,1,2,osasuna,0
590,L. Bonucci,184344,defensa,24,22,5,1,1,juventus,0
435,Jean Mateta,178088,delantero,22,13,5,1,2,crystal_palace,0
64,Papu Gómez,0,delantero,29,19,5,1,4,sevilla,0
417,B. Guimarães,0,mediocentro,17,11,5,1,4,newcastle,0
892,I. Ganago,0,delantero,28,11,5,1,2,lens,0
948,M. Munetsi,0,mediocentro,24,20,5,1,7,stade_de_reims,0
1004,Ibrahima Koné,0,delantero,16,6,5,1,2,lorient,0
755,Rey Manaj,230800,delantero,30,19,5,0,9,spezia,0
917,K. Coulibaly,230107,delantero,21,9,5,0,1,nantes,0
261,G. Escalante,219391,mediocentro,17,15,5,0,7,deportivo_alavés,0
730,F. Di Francesco,213814,delantero,26,17,5,0,2,empoli,0
765,S. Verdi,196889,mediocentro,15,11,5,0,3,salernitana,0
330,Gabriel Magalhães,0,defensa,35,35,5,0,7,arsenal,0
801,Marquinhos,0,defensa,32,32,5,0,5,psg,0
807,Danilo Pereira,0,mediocentro,27,22,5,0,3,psg,0
891,Wesley Said,0,delantero,20,7,5,0,2,lens,0
988,Iké Ugbo,0,delantero,14,11,5,0,0,troyes,0
114,Iker Muniain,189575,mediocentro,35,34,4,10,3,athletic,0
619,J. Veretout,201519,mediocentro,36,26,4,8,6,roma,0
451,Bryan Mbeumo,243014,delantero,35,34,4,7,4,brentford,0
341,A. Lacazette,193301,delantero,30,20,4,7,0,arsenal,0
254,Jorge De Frutos,0,delantero,25,20,4,7,4,levante,0
464,E. Buendía,226162,mediocentro,35,22,4,6,1,aston_villa,0
54,Ivan Rakitić,168651,mediocentro,35,26,4,6,5,sevilla,0
665,D. Faraoni,0,defensa,32,30,4,6,7,hellas_verona,0
800,A. Hakimi,0,defensa,32,28,4,6,4,psg,0
147,Brais Méndez,235944,mediocentro,37,36,4,5,8,celta,0
386,K. Iheanacho,225719,delantero,26,13,4,5,1,leicester,0
611,M. Zaccagni,220502,delantero,29,21,4,5,6,lazio,0
44,Thomas Lemar,213565,mediocentro,24,17,4,5,2,atlético,0
149,Denis Suárez,205192,mediocentro,38,33,4,5,4,celta,0
633,G. Bonaventura,189125,mediocentro,31,28,4,5,8,fiorentina,0
863,Justin Kluivert,0,delantero,27,24,4,5,7,nice,0
1052,Remi Oudin,0,mediocentro,33,20,4,5,7,girondins_bordeaux,0
34,Ferran Torres,241461,delantero,18,17,4,4,1,barcelona,0
503,Daniel James,232104,delantero,32,29,4,4,8,leeds_united,0
94,A. Pedraza,228302,defensa,28,19,4,4,2,villarreal,0
348,Fred,209297,mediocentro,28,24,4,4,5,manchester_united,0
12,Rodrygo,198329,delantero,33,17,4,4,3,real_madrid,0
589,Juan Cuadrado,193082,defensa,33,28,4,4,9,juventus,0
306,Marcos Alonso,192638,defensa,28,25,4,4,8,chelsea,0
696,Destiny Udogie,0,defensa,35,29,4,4,4,udinese,0
821,A. Harit,0,mediocentro,23,12,4,4,1,olympique_marseille,0
1027,Arnaud Nordin,0,delantero,36,20,4,4,4,saint-étienne,0
678,T. Pobega,252060,mediocentro,33,24,4,3,11,torino,0
687,Davide Frattesi,239807,mediocentro,36,35,4,3,6,sassuolo,0
456,Matty Cash,227174,defensa,38,38,4,3,8,aston_villa,0
705,I. Pussetto,219536,delantero,28,11,4,3,4,udinese,0
317,Hakim Ziyech,208670,delantero,23,14,4,3,3,chelsea,0
474,M. Elyounoussi,203362,delantero,30,23,4,3,4,southampton,0
240,Darwin Machís,0,delantero,25,16,4,3,2,granada,0
294,Luis Díaz,0,delantero,13,11,4,3,0,liverpool,0
836,Gelson Martins,0,delantero,32,24,4,3,4,monaco,0
932,B. Yilmaz,0,delantero,31,25,4,3,10,lille,0
968,V. Germain,0,delantero,34,22,4,3,3,montpellier,0
489,Anthony Gordon,242964,delantero,35,25,4,2,4,everton,0
351,M. Rashford,231677,delantero,25,13,4,2,2,manchester_united,0
776,Gastón Pereiro,229636,mediocentro,29,9,4,2,1,cagliari,0
859,K. Thuram,228093,mediocentro,36,20,4,2,4,nice,0
405,Rúben Neves,224293,mediocentro,33,31,4,2,9,wolves,0
667,Adrien Tameze,213242,mediocentro,38,26,4,2,4,hellas_verona,0
217,Ángel,177633,delantero,29,19,4,2,4,mallorca,0
744,F. Quagliarella,159261,delantero,33,19,4,2,2,sampdoria,0
257,Dani Gómez,143076,delantero,28,11,4,2,1,levante,0
853,K. Sulemana,0,delantero,20,11,4,2,3,stade_rennais,0
941,Irvin Cardona,0,delantero,32,13,4,2,2,stade_brestois,0
977,M. Pereira Lage,0,delantero,24,11,4,2,0,angers_sco,0
985,F. Tardieu,0,mediocentro,30,29,4,2,6,troyes,0
652,T. Koopmeiners,240679,mediocentro,30,23,4,1,4,atalanta,0
775,A. Deiola,229743,mediocentro,33,28,4,1,5,cagliari,0
79,A. Elustondo,226221,defensa,30,22,4,1,4,real_sociedad,0
419,Joelinton,223334,mediocentro,35,30,4,1,8,newcastle,0
315,Timo Werner,212188,delantero,21,15,4,1,1,chelsea,0
225,Rubén Sobrino,208622,delantero,33,19,4,1,4,cádiz,0
629,C. Biraghi,201389,defensa,37,37,4,1,4,fiorentina,0
430,Jeffrey Schlupp,200759,defensa,32,20,4,1,1,crystal_palace,0
437,C. Benteke,184111,delantero,25,11,4,1,3,crystal_palace,0
189,Javi Puado,0,delantero,30,26,4,1,5,espanyol,0
839,Myron Boadu,0,delantero,31,7,4,1,0,monaco,0
969,Ismaël Traoré,0,defensa,37,36,4,1,1,angers_sco,0
976,Momo Cho,0,delantero,32,21,4,1,4,angers_sco,0
1032,F. Centonze,0,defensa,19,18,4,1,3,metz,0
1039,F. Boulaya,0,mediocentro,24,18,4,1,2,metz,0
940,Martín Satriano,264325,delantero,15,11,4,0,5,stade_brestois,0
35,Ansu Fati,253004,delantero,10,3,4,0,0,barcelona,0
573,A. Rrahmani,244263,defensa,33,33,4,0,5,napoli,0
447,Vitaly Janelt,235167,mediocentro,31,27,4,0,3,brentford,0
468,Jan Bednarek,220570,defensa,31,30,4,0,10,southampton,0
86,A. Sørloth,216549,delantero,33,20,4,0,2,real_sociedad,0
131,David García,216194,defensa,35,35,4,0,8,osasuna,0
270,A. Laporte,212218,defensa,33,33,4,0,6,manchester_city,0
403,Conor Coady,202048,defensa,38,38,4,0,5,wolves,0
601,F. Acerbi,199845,defensa,30,29,4,0,3,lazio,0
19,Ronald Araujo,0,defensa,30,25,4,0,6,barcelona,0
813,Mauro Icardi,0,delantero,24,10,4,0,1,psg,0
825,C. Bakambu,0,delantero,12,5,4,0,1,olympique_marseille,0
942,Wout Faes,0,defensa,37,37,4,0,2,stade_de_reims,0
991,Y. Touzghar,0,delantero,28,16,4,0,0,troyes,0
561,Nicoló Barella,224232,mediocentro,36,36,3,12,9,inter,0
285,A. Robertson,215449,defensa,29,29,3,10,6,liverpool,0
840,Hamari Traoré,219789,defensa,33,33,3,10,4,stade_rennais,0
184,Sergi Darder,202648,mediocentro,36,36,3,9,4,espanyol,0
160,Óscar Trejo,0,mediocentro,32,24,3,9,13,rayo_vallecano,0
117,Álex Berenguer,225201,delantero,34,24,3,6,8,athletic,0
580,Eljif Elmas,241390,mediocentro,37,12,3,5,3,napoli,0
887,David Costa,0,mediocentro,33,16,3,5,2,lens,0
676,W. Singo,252802,defensa,35,32,3,4,6,torino,0
626,E. Shomurodov,239964,delantero,28,5,3,4,2,roma,0
592,M. Locatelli,222077,mediocentro,31,23,3,4,6,juventus,0
583,M. Politano,216409,delantero,33,20,3,4,3,napoli,0
460,J. Mcginn,210881,mediocentro,35,35,3,4,8,aston_villa,0
448,C. Nørgaard,210697,mediocentro,35,35,3,4,8,brentford,0
282,Jack Grealish,206517,delantero,26,22,3,4,3,manchester_city,0
659,J. Iličić,200647,mediocentro,20,8,3,4,1,atalanta,0
45,A. Griezmann,194765,delantero,26,21,3,4,3,atlético,0
703,R. Pereyra,193061,mediocentro,24,22,3,4,9,udinese,0
833,A. Golovin,0,mediocentro,27,17,3,4,5,monaco,0
921,Tim Weah,0,defensa,29,17,3,4,3,lille,0
1025,R. Boudebouz,0,mediocentro,30,27,3,4,2,saint-étienne,0
102,S. Chukwueze,246172,delantero,27,12,3,3,4,villarreal,0
235,Luis Milla,242201,mediocentro,34,33,3,3,4,granada,0
174,Tete Morente,239671,delantero,32,18,3,3,4,elche,0
250,Enis Bardhi,237239,mediocentro,30,17,3,3,3,levante,0
605,M. Lazzari,235374,defensa,31,16,3,3,3,lazio,0
355,Jadon Sancho,233049,delantero,29,20,3,3,0,manchester_united,0
714,M. Svanberg,228946,mediocentro,36,31,3,3,7,bologna,0
24,F. De Jong,228702,mediocentro,32,30,3,3,6,barcelona,0
750,S. Bastoni,225189,mediocentro,31,26,3,3,6,spezia,0
454,Sergi Canós,224013,delantero,31,25,3,3,7,brentford,0
638,R. Saponara,201046,mediocentro,29,13,3,3,1,fiorentina,0
574,K. Koulibaly,201024,defensa,27,27,3,3,6,napoli,0
207,Dani Rodríguez,198451,mediocentro,36,33,3,3,7,mallorca,0
286,Joël Matip,197061,defensa,31,31,3,3,2,liverpool,0
152,Franco Cervi,0,delantero,33,21,3,3,6,celta,0
434,Jordan Ayew,0,delantero,31,23,3,3,2,crystal_palace,0
547,Brahim Díaz,0,mediocentro,31,25,3,3,4,milan,0
888,G. Kakuta,0,mediocentro,28,20,3,3,1,lens,0
938,Y. Belaïli,0,delantero,13,11,3,3,2,stade_brestois,0
643,R. Sottil,246431,delantero,24,14,3,2,4,fiorentina,0
222,Álex Fernández,220814,mediocentro,32,22,3,2,2,cádiz,0
42,R. De Paul,212616,mediocentro,36,24,3,2,7,atlético,0
1043,I. Niane,212428,delantero,26,20,3,2,3,metz,0
483,Michael Keane,207599,defensa,32,31,3,2,3,everton,0
93,Alberto Moreno,205566,defensa,24,13,3,2,3,villarreal,0
224,Lucas Pérez,199354,delantero,15,11,3,2,1,cádiz,0
494,A. Townsend,194932,delantero,21,17,3,2,3,everton,0
259,Laguardia,194222,defensa,34,34,3,2,9,deportivo_alavés,0
711,L. De Silvestri,190745,defensa,31,27,3,2,7,bologna,0
258,R. Soldado,146758,delantero,18,7,3,2,7,levante,0
81,Mikel Merino,0,mediocentro,34,33,3,2,8,real_sociedad,0
739,A. Sabiri,0,mediocentro,14,9,3,2,3,sampdoria,0
809,Ander Herrera,0,mediocentro,19,12,3,2,2,psg,0
831,A. Tchouaméni,0,mediocentro,35,33,3,2,10,monaco,0
842,A. Truffert,0,defensa,30,18,3,2,4,stade_rennais,0
860,H. Boudaoui,0,mediocentro,29,21,3,2,6,nice,0
989,Mama Baldé,0,delantero,30,20,3,2,2,troyes,0
998,T. Monconduit,0,mediocentro,34,26,3,2,5,lorient,0
1054,Jean Onana,0,mediocentro,23,23,3,2,4,girondins_bordeaux,0
26,Pedri,251854,mediocentro,12,10,3,1,0,barcelona,0
751,K. Agudelo,243253,mediocentro,23,12,3,1,3,spezia,0
675,G. Bremer,239580,defensa,33,33,3,1,7,torino,0
305,Trevoh Chalobah,230918,defensa,20,17,3,1,2,chelsea,0
304,Ben Chilwell,229984,defensa,7,6,3,1,0,chelsea,0
329,S. Bergwijn,225953,delantero,25,4,3,1,1,tottenham_hotspur,0
738,M. Thorsby,222475,mediocentro,35,35,3,1,10,sampdoria,0
292,Naby Keïta,220971,mediocentro,23,14,3,1,3,liverpool,0
586,A. Petagna,215689,delantero,24,4,3,1,1,napoli,0
283,V. Van Dijk,203376,defensa,34,34,3,1,3,liverpool,0
525,João Pedro,199254,delantero,28,15,3,1,1,watford,0
441,P. Jansson,194201,defensa,37,37,3,1,7,brentford,0
588,Matthijs De Ligt,0,defensa,31,29,3,1,3,juventus,0
779,Keita Baldé,0,delantero,26,14,3,1,2,cagliari,0
794,D. Crnigoj,0,mediocentro,34,22,3,1,3,venezia,0
804,I. Gueye,0,mediocentro,26,18,3,1,4,psg,0
918,Sven Botman,0,defensa,25,25,3,1,4,lille,0
979,S. Bahoken,0,delantero,29,12,3,1,0,angers_sco,0
1016,J. Dossou,0,delantero,35,23,3,1,3,clermont,0
1046,Ricardo Mangas,0,defensa,29,27,3,1,2,girondins_bordeaux,0
1055,M'baye Niang,0,delantero,22,7,3,1,3,girondins_bordeaux,0
162,Randy Nteka,251756,mediocentro,34,16,3,0,3,rayo_vallecano,0
593,W. Mckennie,238744,mediocentro,21,15,3,0,1,juventus,0
728,Patrick Cutrone,237715,delantero,28,15,3,0,1,empoli,0
559,M. Škriniar,232363,defensa,35,35,3,0,3,inter,0
111,Íñigo Martínez,231478,defensa,27,26,3,0,9,athletic,0
683,Marko Pjaca,229593,delantero,24,13,3,0,0,torino,0
296,T. Minamino,226627,delantero,11,1,3,0,1,liverpool,0
445,Rico Henry,224494,defensa,34,33,3,0,2,brentford,0
640,K. Piątek,223113,delantero,14,9,3,0,0,fiorentina,0
1022,M. Camara,220477,mediocentro,35,34,3,0,8,saint-étienne,0
53,Diego Carlos,219693,defensa,34,34,3,0,3,sevilla,0
614,Roger Ibáñez,219652,defensa,34,32,3,0,9,roma,0
199,Sandro,217731,delantero,29,19,3,0,7,getafe,0
495,Diego Llorente,212602,defensa,28,28,3,0,7,leeds_united,0
5,Lucas Vázquez,208618,defensa,29,20,3,0,3,real_madrid,0
90,Adnan Januzaj,208330,delantero,33,17,3,0,5,real_sociedad,0
300,A. Rüdiger,205452,defensa,34,34,3,0,9,chelsea,0
216,Abdón Prats,202716,delantero,23,6,3,0,4,mallorca,0
623,S. El Shaarawy,190813,delantero,27,8,3,0,1,roma,0
615,Chris Smalling,189881,defensa,27,23,3,0,0,roma,0
510,Ben Mee,189682,defensa,21,21,3,0,3,burnley,0
301,Thiago Silva,164240,defensa,32,28,3,0,2,chelsea,0
4,Nacho,0,defensa,28,17,3,0,7,real_madrid,0
299,Divock Origi,0,delantero,7,0,3,0,0,liverpool,0
655,Marten De Roon,0,mediocentro,30,28,3,0,6,atalanta,0
896,J. Denayer,0,defensa,16,13,3,0,2,olympique_lyonnais,0
899,Romain Faivre,0,mediocentro,14,9,3,0,0,olympique_lyonnais,0
909,P. Chirivella,0,mediocentro,31,31,3,0,6,nantes,0
926,Xeka Rocha,0,mediocentro,23,19,3,0,10,lille,0
934,B. Chardonnet,0,defensa,32,31,3,0,7,stade_brestois,0
982,A. Rami,0,defensa,17,14,3,0,1,troyes,0
1003,S. Soumano,0,delantero,21,4,3,0,1,lorient,0
1042,Didier Zé,0,delantero,9,8,3,0,2,metz,0
284,Alexander-Arnold,231281,defensa,32,32,2,12,2,liverpool,0
18,Jordi Alba,189332,defensa,30,30,2,10,11,barcelona,0
96,Dani Parejo,189513,mediocentro,33,32,2,10,3,villarreal,0
8,Luka Modrić,177003,mediocentro,28,25,2,8,5,real_madrid,0
830,Caio Henrique,0,defensa,34,31,2,8,5,monaco,0
707,Isaac Success,222634,delantero,22,11,2,7,2,udinese,0
328,Lucas Moura,200949,delantero,34,19,2,6,4,tottenham_hotspur,0
1056,J. Dilrosun,0,delantero,32,19,2,6,3,girondins_bordeaux,0
25,Gavi,264240,mediocentro,34,28,2,5,10,barcelona,0
436,Michael Olise,247827,delantero,26,12,2,5,4,crystal_palace,0
657,A. Miranchuk,214092,mediocentro,19,7,2,5,0,atalanta,0
168,Johan Mojica,214026,defensa,33,32,2,5,5,elche,0
307,Mateo Kovačić,207410,mediocentro,25,16,2,5,4,chelsea,0
288,J. Henderson,183711,mediocentro,35,29,2,5,3,liverpool,0
873,I. Sissoko,183394,mediocentro,35,26,2,5,6,strasbourg,0
903,Tetê,0,delantero,9,7,2,5,1,olympique_lyonnais,0
927,Renato Sanches,0,mediocentro,25,20,2,5,7,lille,0
396,E. Mwepu,243231,mediocentro,18,12,2,4,2,brighton_&_hove_albion,0
268,Rúben Dias,239818,defensa,29,27,2,4,5,manchester_city,0
957,E. Touré,227873,delantero,21,15,2,4,2,stade_de_reims,0
673,K. Lasagna,224933,delantero,28,11,2,4,1,hellas_verona,0
308,N. Kanté,215914,mediocentro,26,21,2,4,2,chelsea,0
322,Matt Doherty,201417,defensa,15,9,2,4,0,tottenham_hotspur,0
393,Pascal Groß,190765,mediocentro,29,24,2,4,1,brighton_&_hove_albion,0
84,David Silva,168542,mediocentro,25,22,2,4,5,real_sociedad,0
61,Tecatito,0,delantero,18,12,2,4,2,sevilla,0
122,José Gayà,0,defensa,24,22,2,4,7,valencia,0
163,Isi Palazón,0,delantero,34,27,2,4,7,rayo_vallecano,0
914,Osman Bukari,0,delantero,24,10,2,4,1,nantes,0
953,Alexis Flips,0,mediocentro,25,13,2,4,2,stade_de_reims,0
987,T. Dingomé,0,mediocentro,25,12,2,4,3,troyes,0
135,J. Moncayola,247495,mediocentro,36,33,2,3,3,osasuna,0
635,Y. Maleh,236838,mediocentro,28,11,2,3,5,fiorentina,0
461,Douglas Luiz,236499,mediocentro,34,31,2,3,7,aston_villa,0
749,G. Maggiore,236368,mediocentro,35,33,2,3,9,spezia,0
725,F. Bandinelli,231428,mediocentro,35,24,2,3,10,empoli,0
178,Josan,229667,delantero,31,10,2,3,2,elche,0
411,Daniel Podence,226766,delantero,26,15,2,3,2,wolves,0
515,W. Weghorst,223689,delantero,20,17,2,3,3,burnley,0
512,J. Brownhill,220659,mediocentro,35,32,2,3,10,burnley,0
56,Óliver Torres,208777,mediocentro,26,11,2,3,2,sevilla,0
485,A. Doucouré,208135,mediocentro,30,29,2,3,6,everton,0
428,Ryan Fraser,207807,delantero,27,18,2,3,3,newcastle,0
869,D. Liénard,207494,defensa,33,23,2,3,8,strasbourg,0
517,M. Vydra,198331,delantero,22,5,2,3,1,burnley,0
541,D. Calabria,197445,defensa,26,24,2,3,2,milan,0
733,M. Yoshida,191648,defensa,26,19,2,3,2,sampdoria,0
362,A. Cresswell,189615,defensa,31,31,2,3,3,west_ham,0
724,L. Henderson,183711,mediocentro,38,23,2,3,4,empoli,0
2,David Alaba,0,defensa,30,30,2,3,2,real_madrid,0
72,W. Carvalho,0,mediocentro,33,20,2,3,6,real_betis,0
323,Sergio Reguilón,0,defensa,25,22,2,3,4,tottenham_hotspur,0
383,Ayoze,0,delantero,14,6,2,3,1,leicester,0
871,J. Bellegarde,0,mediocentro,36,26,2,3,5,strasbourg,0
906,Quentin Merlin,0,defensa,28,21,2,3,0,nantes,0
910,W. Cyprien,0,mediocentro,24,17,2,3,3,nantes,0
919,Zeki Çelik,0,defensa,32,30,2,3,10,lille,0
956,A. Zeneli,0,delantero,9,4,2,3,0,stade_de_reims,0
1019,T. Kolodziejczak,0,defensa,30,30,2,3,5,saint-étienne,0
356,A. Elanga,257470,delantero,21,14,2,2,0,manchester_united,0
700,L. Samardžić,256115,mediocentro,22,1,2,2,0,udinese,0
38,Renan Lodi,251573,defensa,29,13,2,2,5,atlético,0
506,Joe Gelhardt,246053,delantero,20,5,2,2,4,leeds_united,0
155,A. Catena,243976,defensa,36,36,2,2,8,rayo_vallecano,0
727,L. Štulac,240095,mediocentro,23,8,2,2,1,empoli,0
105,Moi Gómez,239207,delantero,29,13,2,2,2,villarreal,0
621,N. Zaniolo,238067,mediocentro,28,23,2,2,11,roma,0
598,F. Chiesa,235805,delantero,14,11,2,2,0,juventus,0
227,Iván Alejo,231280,delantero,20,11,2,2,7,cádiz,0
974,A. Ounahi,231242,mediocentro,31,16,2,2,2,angers_sco,0
642,Arthur,230658,delantero,14,8,2,2,1,fiorentina,0
555,F. Dimarco,226268,defensa,32,13,2,2,1,inter,0
690,M. López,224030,mediocentro,35,33,2,2,14,sassuolo,0
553,A. Rebić,220018,delantero,24,6,2,2,2,milan,0
488,Alex Iwobi,213655,delantero,28,22,2,2,1,everton,0
325,P. Højbjerg,213648,mediocentro,36,36,2,2,3,tottenham_hotspur,0
407,L. Dendoncker,212501,mediocentro,30,21,2,2,4,wolves,0
566,R. Gagliardini,212153,mediocentro,18,6,2,2,2,inter,0
136,Roberto Torres,206651,mediocentro,28,6,2,2,3,osasuna,0
505,Patrick Bamford,206534,delantero,9,7,2,2,2,leeds_united,0
151,T. Galhardo,203344,delantero,31,9,2,2,5,celta,0
694,G. Defrel,202851,delantero,38,11,2,2,3,sassuolo,0
476,A. Armstrong,202282,delantero,24,17,2,2,1,southampton,0
719,N. Sansone,201858,delantero,27,6,2,2,6,bologna,0
76,Cristian Tello,200315,delantero,23,5,2,2,2,real_betis,0
252,J. Campaña,199823,mediocentro,20,16,2,2,7,levante,0
679,Dennis Praet,199652,mediocentro,23,17,2,2,3,torino,0
473,Oriol Romeu,199576,mediocentro,36,34,2,2,9,southampton,0
518,Jay Rodríguez,198710,delantero,29,13,2,2,3,burnley,0
358,Craig Dawson,194806,defensa,34,30,2,2,5,west_ham,0
496,Luke Ayling,186156,defensa,26,26,2,2,5,leeds_united,0
218,Pacha Espino,0,defensa,37,37,2,2,6,cádiz,0
413,Fabian Schär,0,defensa,25,25,2,2,4,newcastle,0
636,Alfred Duncan,0,mediocentro,33,21,2,2,3,fiorentina,0
808,Marco Verratti,0,mediocentro,24,23,2,2,12,psg,0
855,Melvin Bard,0,defensa,33,30,2,2,3,nice,0
882,Kevin Danso,0,defensa,33,32,2,2,9,lens,0
961,Nicolas Cozza,0,defensa,34,32,2,2,3,montpellier,0
992,R. Ripart,0,delantero,28,22,2,2,2,troyes,0
710,A. Theate,257278,defensa,31,28,2,1,6,bologna,0
337,Thomas,254470,mediocentro,24,23,2,1,6,arsenal,0
161,Pathé Ciss,250858,mediocentro,31,11,2,1,5,rayo_vallecano,0
10,E. Camavinga,248243,mediocentro,26,13,2,1,9,real_madrid,0
80,M. Zubimendi,248148,mediocentro,36,26,2,1,4,real_sociedad,0
409,Trincão,244778,delantero,28,16,2,1,0,wolves,0
241,Álex Collado,242999,delantero,17,13,2,1,1,granada,0
537,Josh Sargent,242075,delantero,26,18,2,1,1,norwich_city,0
51,Jules Koundé,241486,defensa,32,31,2,1,4,sevilla,0
27,Nico González,240690,mediocentro,27,12,2,1,6,barcelona,0
37,M. Hermoso,229668,defensa,26,21,2,1,7,atlético,0
3,Ferland Mendy,228618,defensa,22,20,2,1,4,real_madrid,0
546,Ismael Bennacer,226754,mediocentro,31,15,2,1,7,milan,0
484,Mason Holgate,225024,defensa,25,23,2,1,8,everton,0
789,P. Ceccaroni,219956,defensa,35,35,2,1,8,venezia,0
563,M. Brozović,216352,mediocentro,35,35,2,1,7,inter,0
1060,J. Briand,212194,delantero,17,1,2,1,1,girondins_bordeaux,0
763,Éderson,210257,mediocentro,15,13,2,1,5,salernitana,0
39,Felipe,207863,defensa,26,15,2,1,6,atlético,0
828,Vanderson,207562,defensa,17,12,2,1,3,monaco,0
603,Patric,206098,defensa,24,19,2,1,6,lazio,0
123,Gabriel Paulista,201305,defensa,19,19,2,1,2,valencia,0
731,A. La Mantia,201243,delantero,18,3,2,1,0,empoli,0
28,Sergi Roberto,199564,mediocentro,9,4,2,1,1,barcelona,0
291,A. Oxlade-Chamberlain,198784,mediocentro,17,9,2,1,0,liverpool,0
232,Germán,198230,defensa,32,25,2,1,10,granada,0
32,M. Braithwaite,193290,delantero,4,3,2,1,0,barcelona,0
57,T. Delaney,193283,mediocentro,26,15,2,1,3,sevilla,0
231,S. Escudero,192679,defensa,27,15,2,1,6,granada,0
99,F. Coquelin,189271,mediocentro,20,8,2,1,3,villarreal,0
421,Jonjo Shelvey,189165,mediocentro,24,22,2,1,6,newcastle,0
229,Salvi Sánchez,184941,delantero,23,17,2,1,2,cádiz,0
557,M. Darmian,184392,defensa,25,18,2,1,4,inter,0
277,Fernandinho,184134,mediocentro,19,10,2,1,1,manchester_city,0
522,M. Sissoko,183394,mediocentro,36,36,2,1,5,watford,0
353,E. Cavani,179813,delantero,15,7,2,1,0,manchester_united,0
406,João Moutinho,162347,mediocentro,35,34,2,1,4,wolves,0
108,Dani Vivian,0,defensa,24,22,2,1,2,athletic,0
429,Marc Guehi,0,defensa,36,36,2,1,4,crystal_palace,0
622,Sérgio Oliveira,0,mediocentro,14,13,2,1,5,roma,0
689,F. Djuričić,0,mediocentro,12,9,2,1,1,sassuolo,0
698,R. Becão,0,defensa,35,35,2,1,10,udinese,0
756,M'bala Nzola,0,delantero,21,10,2,1,2,spezia,0
814,J. Draxler,0,delantero,18,5,2,1,0,psg,0
841,Nayef Aguerd,0,defensa,31,31,2,1,4,stade_rennais,0
845,B. Santamaria,0,mediocentro,34,28,2,1,7,stade_rennais,0
856,Youcef Atal,0,defensa,17,13,2,1,4,nice,0
915,W. Geubbels,0,delantero,22,4,2,1,1,nantes,0
924,B. André,0,mediocentro,33,33,2,1,12,lille,0
929,Edon Zhegrova,0,delantero,13,5,2,1,1,lille,0
951,K. Doumbia,0,mediocentro,8,2,2,1,1,stade_de_reims,0
958,N. Mbuku,0,delantero,31,18,2,1,1,stade_de_reims,0
1018,Saidou Sow,0,defensa,13,11,2,1,2,saint-étienne,0
1029,R. Hamouma,0,delantero,22,7,2,1,2,saint-étienne,0
1045,O. Nguette,0,delantero,26,10,2,1,1,metz,0
970,R. Thomas,254470,defensa,30,29,2,0,9,angers_sco,0
202,A. Raíllo,254088,defensa,17,17,2,0,8,mallorca,0
215,Fer Niño,252590,delantero,23,9,2,0,2,mallorca,0
262,M. Loum,245021,mediocentro,32,26,2,0,10,deportivo_alavés,0
745,Martin Erlić,244456,defensa,30,30,2,0,5,spezia,0
185,Manu Morlanes,241856,mediocentro,27,11,2,0,7,espanyol,0
121,O. Alderete,240359,defensa,29,28,2,0,15,valencia,0
420,Joe Willock,237329,mediocentro,29,24,2,0,0,newcastle,0
766,M. Coulibaly,230107,mediocentro,13,10,2,0,1,salernitana,0
455,E. Konsa,227678,defensa,29,29,2,0,6,aston_villa,0
60,Munir,220253,delantero,16,4,2,0,3,sevilla,0
247,Ó. Duarte,212772,defensa,23,20,2,0,5,levante,0
404,Jonny,210455,defensa,13,10,2,0,1,wolves,0
721,S. Romagnoli,210413,defensa,19,17,2,0,3,empoli,0
271,Nathan Aké,208920,defensa,14,10,2,0,0,manchester_city,0
402,R. Saïss,208295,defensa,31,31,2,0,6,wolves,0
616,B. Cristante,208268,mediocentro,34,29,2,0,9,roma,0
391,Adam Webster,207616,defensa,22,16,2,0,5,brighton_&_hove_albion,0
349,J. Lingard,207494,mediocentro,16,2,2,0,1,manchester_united,0
697,Pablo Marí,206654,defensa,15,15,2,0,3,udinese,0
543,A. Florenzi,203551,defensa,24,12,2,0,2,milan,0
182,Aleix Vidal,202493,defensa,31,21,2,0,10,espanyol,0
472,S. Armstrong,202282,mediocentro,24,15,2,0,1,southampton,0
154,Nolito,199561,delantero,32,15,2,0,1,celta,0
179,L. Cabrera,192816,defensa,37,37,2,0,7,espanyol,0
145,Kike Barja,192678,delantero,21,9,2,0,2,osasuna,0
22,Sergio Busquets,189511,mediocentro,36,36,2,0,12,barcelona,0
414,K. Trippier,186345,defensa,6,5,2,0,0,newcastle,0
319,D. Sánchez,184941,defensa,23,17,2,0,4,tottenham_hotspur,0
514,A. Lennon,152747,mediocentro,28,17,2,0,2,burnley,0
113,Mikel Vesga,0,mediocentro,32,17,2,0,5,athletic,0
118,Asier Villalibre,0,delantero,19,3,2,0,0,athletic,0
172,Kike Pérez,0,mediocentro,12,5,2,0,1,elche,0
221,Rubén Alcaraz,0,mediocentro,14,12,2,0,7,cádiz,0
423,Chris Wood,0,delantero,17,15,2,0,0,newcastle,0
508,Nathan Collins,0,defensa,19,18,2,0,3,burnley,0
627,F. Afena-Gyan,0,delantero,17,6,2,0,4,roma,0
799,Sergio Ramos,0,defensa,12,8,2,0,2,psg,0
802,Thilo Kehrer,0,defensa,27,16,2,0,0,psg,0
816,D. Ćaleta-Car,0,defensa,26,24,2,0,6,olympique_marseille,0
857,Mario Lemina,0,mediocentro,32,24,2,0,6,nice,0
875,M. Waris,0,mediocentro,15,2,2,0,1,strasbourg,0
895,C. Lukeba,0,defensa,24,24,2,0,1,olympique_lyonnais,0
943,Y. Abdelhamid,0,defensa,34,34,2,0,6,stade_de_reims,0
952,Jens Cajuste,0,mediocentro,8,4,2,0,0,stade_de_reims,0
954,M. Cassamã,0,mediocentro,17,11,2,0,1,stade_de_reims,0
990,L. Mothiba,0,delantero,13,5,2,0,1,troyes,0
995,Julien Laporte,0,defensa,33,33,2,0,7,lorient,0
1012,L. Da Cunha,0,delantero,15,11,2,0,0,clermont,0
1037,H. Maïga,0,mediocentro,17,16,2,0,6,metz,0
1041,L. Mafouta,0,delantero,15,5,2,0,0,metz,0
31,O. Dembélé,231443,delantero,21,15,1,13,3,barcelona,0
350,Paul Pogba,195864,mediocentro,20,16,1,9,8,manchester_united,0
1051,Yacine Adli,0,mediocentro,36,25,1,8,4,girondins_bordeaux,0
269,João Cancelo,210514,defensa,36,36,1,7,7,manchester_city,0
662,D. Lazović,246430,defensa,34,32,1,6,2,hellas_verona,0
142,Rubén García,211022,delantero,37,30,1,6,1,osasuna,0
572,G. Di Lorenzo,217870,defensa,33,33,1,5,3,napoli,0
648,D. Zappacosta,215333,defensa,33,29,1,5,6,atalanta,0
477,Nathan Redmond,198719,delantero,27,20,1,5,0,southampton,0
1011,J. Berthomier,0,mediocentro,29,22,1,5,1,clermont,0
780,A. Cambiaso,258966,defensa,26,21,1,4,4,genoa,0
666,Ivan Ilić,258683,mediocentro,32,30,1,4,6,hellas_verona,0
363,Declan Rice,234378,mediocentro,36,35,1,4,8,west_ham,0
752,V. Kovalenko,228698,mediocentro,26,16,1,4,4,spezia,0
204,Pablo Maffeo,221342,defensa,35,35,1,4,10,mallorca,0
599,F. Bernardeschi,212404,delantero,28,16,1,4,5,juventus,0
886,C. Doucouré,208135,mediocentro,34,33,1,4,8,lens,0
446,C. Eriksen,190460,mediocentro,11,10,1,4,1,brentford,0
290,Thiago,189509,mediocentro,25,17,1,4,2,liverpool,0
550,A. Saelemaekers,242664,delantero,36,22,1,3,2,milan,0
193,M. Olivera,240716,defensa,32,32,1,3,10,getafe,0
556,A. Bastoni,237383,defensa,31,29,1,3,4,inter,0
15,Luka Jović,232432,delantero,15,1,1,3,1,real_madrid,0
704,J. Makengo,230686,mediocentro,33,26,1,3,6,udinese,0
331,K. Tierney,226491,defensa,22,22,1,3,0,arsenal,0
264,Luis Rioja,224415,delantero,37,36,1,3,3,deportivo_alavés,0
442,K. Ajer,224258,defensa,24,23,1,3,5,brentford,0
457,T. Mings,212419,defensa,36,35,1,3,11,aston_villa,0
376,Ricardo Pereira,210243,defensa,14,13,1,3,3,leicester,0
653,Remo Freuler,202024,mediocentro,29,28,1,3,9,atalanta,0
107,P. Alcácer,200454,delantero,18,10,1,3,1,villarreal,0
7,Casemiro,200145,mediocentro,32,31,1,3,11,real_madrid,0
130,Marcos André,190149,delantero,29,8,1,3,3,valencia,0
132,Manu Sánchez,184941,defensa,33,25,1,3,5,osasuna,0
6,Toni Kroos,182521,mediocentro,28,25,1,3,4,real_madrid,0
0,Dani Carvajal,0,defensa,24,17,1,3,1,real_madrid,0
20,D. Alves,0,defensa,14,13,1,3,3,barcelona,0
52,Marcos Acuña,0,defensa,31,26,1,3,10,sevilla,0
197,C. Aleñá,0,mediocentro,33,30,1,3,7,getafe,0
237,Rubén Rochina,0,mediocentro,15,8,1,3,3,granada,0
806,G. Wijnaldum,0,mediocentro,31,18,1,3,2,psg,0
866,Anthony Caci,0,defensa,37,26,1,3,4,strasbourg,0
931,Isaac Lihadji,0,delantero,13,2,1,3,1,lille,0
935,J. Duverne,0,defensa,37,33,1,3,1,stade_brestois,0
944,Ghislain Konan,0,defensa,28,28,1,3,1,stade_de_reims,0
950,Ilan Kebbal,0,mediocentro,31,21,1,3,1,stade_de_reims,0
959,A. Souquet,0,defensa,34,27,1,3,4,montpellier,0
997,Enzo Le Fée,0,mediocentro,36,25,1,3,2,lorient,0
1005,V. N'simba,0,defensa,34,31,1,3,4,clermont,0
1035,Pape Sarr,0,mediocentro,32,22,1,3,7,metz,0
922,José Fonte,258728,defensa,38,38,1,2,4,lille,0
761,Nadir Zortea,252440,defensa,28,13,1,2,3,salernitana,0
771,R. Bellanova,247229,defensa,31,27,1,2,3,cagliari,0
587,Danilo,244260,defensa,22,22,1,2,6,juventus,0
401,R. Aït-Nouri,242641,defensa,23,20,1,2,4,wolves,0
1002,D. Ouattara,242405,delantero,25,7,1,2,4,lorient,0
792,Gianluca Busio,242332,mediocentro,29,23,1,2,8,venezia,0
316,Hudson-Odoi,240740,delantero,15,11,1,2,1,chelsea,0
1,Éder Militão,240130,defensa,34,34,1,2,5,real_madrid,0
787,Caleb Ekuban,239795,delantero,30,18,1,2,2,genoa,0
196,N. Maksimović,239433,mediocentro,35,34,1,2,4,getafe,0
649,M. Demiral,238160,defensa,28,22,1,2,8,atalanta,0
796,D. Johnsen,237502,delantero,27,17,1,2,2,venezia,0
381,K. Dewsbury-Hall,237386,mediocentro,28,23,1,2,4,leicester,0
395,Y. Bissouma,236480,mediocentro,26,25,1,2,10,brighton_&_hove_albion,0
137,D. Brašanac,236221,mediocentro,35,27,1,2,9,osasuna,0
159,Santi Comesaña,235781,mediocentro,35,32,1,2,11,rayo_vallecano,0
631,Á. Odriozola,234035,defensa,25,18,1,2,5,fiorentina,0
75,Rodri,231866,delantero,21,10,1,2,0,real_betis,0
466,Leon Bailey,229906,delantero,18,7,1,2,3,aston_villa,0
535,Milot Rashica,229167,delantero,31,25,1,2,0,norwich_city,0
470,Kyle Walker-Peters,227927,defensa,32,29,1,2,5,southampton,0
342,Nicolas Pépé,226110,delantero,20,5,1,2,0,arsenal,0
70,Guido Rodríguez,225659,mediocentro,32,29,1,2,8,real_betis,0
637,G. Castrovilli,225014,mediocentro,23,16,1,2,4,fiorentina,0
533,M. Normann,222404,mediocentro,23,20,1,2,6,norwich_city,0
267,Édgar Méndez,219728,delantero,32,17,1,2,6,deportivo_alavés,0
608,D. Cataldi,211361,mediocentro,32,19,1,2,7,lazio,0
894,Emerson,210257,defensa,29,26,1,2,4,olympique_lyonnais,0
426,Jacob Murphy,206085,delantero,33,13,1,2,4,newcastle,0
591,M. De Sciglio,206058,defensa,20,13,1,2,3,juventus,0
89,Portu,205070,delantero,37,17,1,2,5,real_sociedad,0
40,Š. Vrsaljko,203890,defensa,21,10,1,2,4,atlético,0
156,Iván Balliu,203581,defensa,35,35,1,2,11,rayo_vallecano,0
507,J. Tarkowski,202695,defensa,35,35,1,2,11,burnley,0
43,G. Kondogbia,201455,mediocentro,28,21,1,2,11,atlético,0
416,J. Manquillo,201377,defensa,19,15,1,2,5,newcastle,0
511,M. Lowton,199633,defensa,25,20,1,2,4,burnley,0
181,Sergi Gómez,199577,defensa,31,31,1,2,2,espanyol,0
335,Granit Xhaka,199503,mediocentro,27,27,1,2,11,arsenal,0
41,Koke,193747,mediocentro,31,29,1,2,6,atlético,0
1031,T. Delaine,193283,defensa,30,27,1,2,4,metz,0
110,O. De Marcos,190149,defensa,22,19,1,2,4,athletic,0
644,José Callejón,185020,delantero,30,16,1,2,0,fiorentina,0
303,C. Azpilicueta,184432,defensa,27,24,1,2,3,chelsea,0
377,M. Albrighton,183130,defensa,17,11,1,2,3,leicester,0
165,Bebé,166074,delantero,29,6,1,2,2,rayo_vallecano,0
109,Yuri,0,defensa,14,11,1,2,3,athletic,0
208,Kang-In Lee,0,mediocentro,30,15,1,2,2,mallorca,0
253,Mickael Malsa,0,mediocentro,26,11,1,2,7,levante,0
499,Mateusz Klich,0,mediocentro,33,26,1,2,5,leeds_united,0
542,Pierre Kalulu,0,defensa,28,21,1,2,4,milan,0
805,L. Paredes,0,mediocentro,15,10,1,2,3,psg,0
817,Pol Lirola,0,defensa,34,19,1,2,1,olympique_marseille,0
852,Jérémy Doku,0,delantero,14,4,1,2,2,stade_rennais,0
864,E. Guessand,0,delantero,20,2,1,2,3,nice,0
930,J. Bamba,0,delantero,31,28,1,2,3,lille,0
986,R. Kouamé,0,mediocentro,34,34,1,2,5,troyes,0
993,V. Le Goff,0,defensa,34,34,1,2,1,lorient,0
1013,Jim Allevinah,0,delantero,30,13,1,2,1,clermont,0
1034,D. Bronn,0,defensa,30,28,1,2,9,metz,0
469,T. Livramento,262118,defensa,28,25,1,1,2,southampton,0
138,Javi Martínez,255268,mediocentro,26,9,1,1,1,osasuna,0
332,Nuno Tavares,251530,defensa,22,13,1,1,2,arsenal,0
68,Edgar,247500,defensa,21,14,1,1,6,real_betis,0
88,A. Barrenetxea,246672,delantero,11,6,1,1,0,real_sociedad,0
180,Adrià Pedrosa,246113,defensa,31,31,1,1,8,espanyol,0
266,M. De La Fuente,245290,delantero,22,10,1,1,2,deportivo_alavés,0
538,Adam Idah,244288,delantero,17,6,1,1,0,norwich_city,0
289,Curtis Jones,242434,mediocentro,15,10,1,1,0,liverpool,0
263,Manu Vallejo,241686,mediocentro,11,2,1,1,0,deportivo_alavés,0
625,Carles Pérez,240654,delantero,19,3,1,1,2,roma,0
734,T. Augello,240100,defensa,36,25,1,1,0,sampdoria,0
747,Petko Hristov,239998,defensa,17,13,1,1,3,spezia,0
654,Matteo Pessina,239613,mediocentro,27,18,1,1,0,atalanta,0
389,M. Cucurella,239231,defensa,35,35,1,1,6,brighton_&_hove_albion,0
440,E. Pinnock,238717,defensa,32,32,1,1,1,brentford,0
412,Pedro Neto,238616,delantero,13,5,1,1,3,wolves,0
444,Mads Roerslev,238157,defensa,21,12,1,1,1,brentford,0
764,G. Kastanos,237335,mediocentro,27,16,1,1,5,salernitana,0
347,S. Mctominay,237238,mediocentro,30,28,1,1,9,manchester_united,0
92,Juan Foyth,237221,defensa,25,22,1,1,5,villarreal,0
187,Keidi Bare,237184,mediocentro,25,18,1,1,9,espanyol,0
418,S. Longstaff,237161,mediocentro,24,15,1,1,1,newcastle,0
663,F. Depaoli,235834,defensa,18,7,1,1,3,hellas_verona,0
433,E. Eze,235794,mediocentro,13,6,1,1,1,crystal_palace,0
713,J. Schouten,235149,mediocentro,17,16,1,1,3,bologna,0
647,J. Mæhle,234678,defensa,26,15,1,1,2,atalanta,0
183,Y. Herrera,234060,mediocentro,23,19,1,1,6,espanyol,0
78,R. Le Normand,233486,defensa,37,37,1,1,7,real_sociedad,0
449,S. Ghoddos,231949,mediocentro,17,4,1,1,2,brentford,0
746,K. Amian,231235,defensa,32,31,1,1,9,spezia,0
595,D. Zakaria,229261,mediocentro,9,6,1,1,1,juventus,0
500,Tyler Roberts,228815,mediocentro,23,7,1,1,5,leeds_united,0
223,O. Idrissi,228747,delantero,12,11,1,1,2,cádiz,0
971,B. Mendy,228618,mediocentro,34,27,1,1,5,angers_sco,0
206,Brian Oliván,228326,defensa,28,24,1,1,7,mallorca,0
534,Kieran Dowell,226401,mediocentro,18,11,1,1,0,norwich_city,0
720,P. Stojanovič,225995,defensa,33,32,1,1,10,empoli,0
509,Connor Roberts,225147,defensa,21,19,1,1,2,burnley,0
602,A. Marušić,224031,defensa,33,30,1,1,5,lazio,0
16,Mariano,221639,delantero,9,3,1,1,2,real_madrid,0
36,J. Giménez,216460,defensa,24,24,1,1,8,atlético,0
359,A. Masuaku,212491,defensa,13,6,1,1,1,west_ham,0
848,Jonas Martin,210868,mediocentro,29,24,1,1,9,stade_rennais,0
604,E. Hysaj,210864,defensa,29,24,1,1,3,lazio,0
791,R. Haps,210384,defensa,25,24,1,1,6,venezia,0
645,B. Djimsiti,208165,defensa,31,25,1,1,6,atalanta,0
671,D. Bessa,208144,mediocentro,24,5,1,1,4,hellas_verona,0
388,Joël Veltman,208004,defensa,34,33,1,1,6,brighton_&_hove_albion,0
320,Ben Davies,205923,defensa,29,28,1,1,6,tottenham_hotspur,0
774,L. Ceppitelli,205553,defensa,24,16,1,1,3,cagliari,0
498,S. Dallas,203570,defensa,34,34,1,1,5,leeds_united,0
344,R. Varane,201535,defensa,22,20,1,1,0,manchester_united,0
708,I. Nestorovski,199274,delantero,7,1,1,1,1,udinese,0
560,D. D'Ambrosio,198946,defensa,20,9,1,1,2,inter,0
1053,J. Guilavogui,198118,mediocentro,15,15,1,1,4,girondins_bordeaux,0
146,Hugo Mallo,194229,defensa,21,21,1,1,5,celta,0
521,J. Kucka,190875,mediocentro,26,22,1,1,4,watford,0
702,T. Arslan,190761,mediocentro,30,22,1,1,9,udinese,0
133,Cote,190143,defensa,23,12,1,1,3,osasuna,0
491,S. Rondón,189250,delantero,20,8,1,1,4,everton,0
650,Rafael Tolói,187598,defensa,20,16,1,1,6,atalanta,0
767,I. Radovanovic,186589,mediocentro,14,12,1,1,4,salernitana,0
55,Fernando,184134,mediocentro,24,21,1,1,6,sevilla,0
98,É. Capoue,178213,mediocentro,30,26,1,1,9,villarreal,0
188,Tonny Vilhena,0,mediocentro,17,13,1,1,4,espanyol,0
236,Ángel Montoro,0,mediocentro,24,13,1,1,5,granada,0
238,Myrto Uzuni,0,delantero,15,9,1,1,4,granada,0
321,Emerson Royal,0,defensa,31,26,1,1,5,tottenham_hotspur,0
333,Cédric Soares,0,defensa,21,16,1,1,3,arsenal,0
375,Jonny Evans,0,defensa,18,16,1,1,3,leicester,0
392,Moisés Caicedo,0,mediocentro,8,8,1,1,2,brighton_&_hove_albion,0
564,Arturo Vidal,0,mediocentro,28,2,1,1,3,inter,0
641,J. Ikoné,0,delantero,17,7,1,1,1,fiorentina,0
723,Kristjan Asllani,0,mediocentro,23,14,1,1,2,empoli,0
832,Jean Lucas,0,mediocentro,28,18,1,1,2,monaco,0
858,Calvin Stengs,0,mediocentro,24,11,1,1,1,nice,0
868,Lucas Perrin,0,defensa,31,29,1,1,5,strasbourg,0
870,M. Le Marchand,0,defensa,12,9,1,1,4,strasbourg,0
874,J. Aholou,0,mediocentro,25,11,1,1,2,strasbourg,0
884,M. Haidara,0,defensa,20,12,1,1,6,lens,0
900,Thiago Mendes,0,mediocentro,28,21,1,1,4,olympique_lyonnais,0
916,Marcus Coco,0,delantero,24,9,1,1,2,nantes,0
923,Tiago Djaló,0,defensa,28,26,1,1,4,lille,0
925,Angel Gomes,0,mediocentro,24,12,1,1,3,lille,0
945,B. Locko,0,defensa,24,11,1,1,4,stade_de_reims,0
949,A. Matusiwa,0,mediocentro,29,29,1,1,7,stade_de_reims,0
964,Joris Chotard,0,mediocentro,36,33,1,1,5,montpellier,0
980,G. Biancone,0,defensa,33,26,1,1,10,troyes,0
981,O. El Hajjam,0,defensa,19,12,1,1,2,troyes,0
999,Q. Boisgard,0,mediocentro,24,9,1,1,3,lorient,0
1008,S. Abdul Samed,0,mediocentro,31,29,1,1,12,clermont,0
1009,S. Khaoui,0,mediocentro,23,9,1,1,1,clermont,0
1040,Boubacar Traore,0,mediocentro,27,17,1,1,8,metz,0
1047,S. Gregersen,0,defensa,24,22,1,1,7,girondins_bordeaux,0
1049,T. Pembélé,0,defensa,26,17,1,1,2,girondins_bordeaux,0
672,M. Cancellieri,263929,delantero,12,1,1,0,1,hellas_verona,0
773,Giorgio Altare,263647,defensa,19,17,1,0,5,cagliari,0
620,Edoardo Bove,262171,mediocentro,10,0,1,0,0,roma,0
1006,C. Hountondji,261766,defensa,23,23,1,0,2,clermont,0
530,A. Omobamidele,261647,defensa,5,4,1,0,1,norwich_city,0
120,Nico Serrano,259422,delantero,14,3,1,0,0,athletic,0
785,M. Portanova,259331,mediocentro,24,17,1,0,4,genoa,0
1020,M. Nade,256692,defensa,30,29,1,0,4,saint-étienne,0
759,J. Antiste,255839,delantero,18,9,1,0,0,spezia,0
548,Daniel Maldini,255611,mediocentro,8,2,1,0,1,milan,0
209,Antonio Sánchez,252909,mediocentro,29,19,1,0,3,mallorca,0
186,Nico Melamed,252837,mediocentro,31,7,1,0,4,espanyol,0
244,Son,252086,defensa,26,22,1,0,6,levante,0
219,S. Arzamendia,248053,defensa,14,5,1,0,2,cádiz,0
125,Hugo Guillamón,246352,mediocentro,31,28,1,0,10,valencia,0
400,Max Kilman,245336,defensa,30,30,1,0,3,wolves,0
781,Johan Vásquez,244349,defensa,28,27,1,0,7,genoa,0
23,Riqui Puig,242816,mediocentro,15,2,1,0,0,barcelona,0
361,Ben Johnson,241842,defensa,20,16,1,0,1,west_ham,0
318,Cristian Romero,241179,defensa,22,21,1,0,8,tottenham_hotspur,0
365,N. Vlašić,241095,mediocentro,19,6,1,0,0,west_ham,0
760,Luca Ranieri,240777,defensa,27,25,1,0,9,salernitana,0
450,S. Baptiste,240697,mediocentro,22,9,1,0,1,brentford,0
795,S. Kiyine,240658,mediocentro,26,14,1,0,9,venezia,0
497,P. Struijk,239360,defensa,29,22,1,0,7,leeds_united,0
628,N. Milenković,238095,defensa,34,34,1,0,9,fiorentina,0
213,Take Kubo,237681,delantero,28,17,1,0,4,mallorca,0
195,Jorge Cuenca,237522,defensa,32,31,1,0,8,getafe,0
786,Filippo Melegoni,237382,mediocentro,25,10,1,0,1,genoa,0
148,Fran Beltrán,235997,mediocentro,37,31,1,0,4,celta,0
83,Rafinha,233419,mediocentro,17,13,1,0,3,real_sociedad,0
158,M. Hernández,232656,defensa,9,5,1,0,3,rayo_vallecano,0
374,C. Söyüncü,232119,defensa,28,28,1,0,5,leicester,0
424,M. Almirón,230977,delantero,30,19,1,0,2,newcastle,0
203,G. Gonzalez,230140,defensa,9,3,1,0,1,mallorca,0
532,P. Lees Melou,230020,mediocentro,33,27,1,0,5,norwich_city,0
487,Tom Davies,230005,mediocentro,6,2,1,0,1,everton,0
741,Stefano Sensi,229857,mediocentro,11,10,1,0,1,sampdoria,0
246,Jorge Miramón,229359,defensa,29,22,1,0,5,levante,0
630,Martínez Quarta,228708,defensa,20,16,1,0,8,fiorentina,0
480,V. Mykolenko,228698,defensa,13,12,1,0,0,everton,0
334,Rob Holding,228295,defensa,15,9,1,0,3,arsenal,0
684,P. Pellegri,228251,delantero,9,1,1,0,1,torino,0
194,S. Mitrović,227290,defensa,32,31,1,0,9,getafe,0
97,G. Lo Celso,226226,mediocentro,16,11,1,0,2,villarreal,0
685,G. Ferrari,224808,defensa,35,35,1,0,5,sassuolo,0
634,S. Amrabat,224158,mediocentro,23,8,1,0,6,fiorentina,0
201,J. Mata,223578,delantero,22,4,1,0,7,getafe,0
737,Andrea Conti,223329,defensa,7,2,1,0,1,sampdoria,0
701,Walace,222844,mediocentro,36,33,1,0,7,udinese,0
373,T. Castagne,222501,defensa,27,22,1,0,1,leicester,0
190,Wu Lei,221445,delantero,23,4,1,0,0,espanyol,0
486,D. Van De Beek,221363,mediocentro,7,5,1,0,1,everton,0
790,M. Caldara,220477,defensa,31,30,1,0,9,venezia,0
565,M. Vecino,219985,mediocentro,17,2,1,0,2,inter,0
736,A. Ferrari,219852,defensa,23,20,1,0,4,sampdoria,0
245,Rober Pier,219652,defensa,27,21,1,0,4,levante,0
651,J. Palomino,217196,defensa,34,30,1,0,9,atalanta,0
577,S. Lobotka,216435,mediocentro,23,19,1,0,2,napoli,0
157,Fran García,216194,defensa,34,34,1,0,4,rayo_vallecano,0
233,D. Duarte,212772,defensa,21,19,1,0,8,granada,0
171,E. Roco,212225,defensa,30,29,1,0,10,elche,0
260,Pere Pons,211706,mediocentro,27,17,1,0,2,deportivo_alavés,0
1036,I. Amadou,211382,mediocentro,10,10,1,0,4,metz,0
768,A. Schiavone,211325,mediocentro,14,5,1,0,1,salernitana,0
664,F. Ceccherini,210964,defensa,34,29,1,0,11,hellas_verona,0
459,K. Hause,210635,defensa,7,4,1,0,0,aston_villa,0
540,A. Romagnoli,210413,defensa,19,16,1,0,5,milan,0
772,C. Lykogiannis,210381,defensa,28,21,1,0,2,cagliari,0
134,Lucas Torró,208137,mediocentro,33,32,1,0,10,osasuna,0
686,Kaan Ayhan,207790,mediocentro,23,14,1,0,3,sassuolo,0
220,V. Haroyan,206423,defensa,17,16,1,0,9,cádiz,0
170,P. Bigas,206222,defensa,19,19,1,0,6,elche,0
422,Isaac Hayden,206115,mediocentro,14,12,1,0,5,newcastle,0
458,C. Chambers,205989,defensa,11,9,1,0,1,aston_villa,0
735,Nicola Murru,205934,defensa,22,13,1,0,5,sampdoria,0
357,Kurt Zouma,204311,defensa,24,24,1,0,1,west_ham,0
230,S. Arias,204259,defensa,12,4,1,0,1,granada,0
272,John Stones,203574,defensa,14,12,1,0,0,manchester_city,0
415,J. Lascelles,203487,defensa,26,22,1,0,5,newcastle,0
345,Harry Maguire,203263,defensa,30,28,1,0,8,manchester_united,0
581,D. Demme,202325,mediocentro,19,7,1,0,4,napoli,0
531,Kenny Mclean,201368,mediocentro,32,30,1,0,3,norwich_city,0
718,F. Santander,201335,delantero,7,0,1,0,1,bologna,0
784,Milan Badelj,201144,mediocentro,34,34,1,0,4,genoa,0
95,Aïssa Mandi,201143,defensa,17,14,1,0,3,villarreal,0
575,Juan Jesus,200752,defensa,21,14,1,0,1,napoli,0
387,Lewis Dunk,199915,defensa,29,29,1,0,4,brighton_&_hove_albion,0
311,Ross Barkley,199189,mediocentro,6,1,1,0,0,chelsea,0
529,Grant Hanley,198904,defensa,33,33,1,0,2,norwich_city,0
748,M. Bourabia,198220,mediocentro,8,2,1,0,1,spezia,0
9,Isco,197781,mediocentro,14,3,1,0,1,real_madrid,0
753,Jacopo Sala,197777,mediocentro,18,13,1,0,3,spezia,0
140,Íñigo Pérez,196942,mediocentro,10,4,1,0,0,osasuna,0
372,A. Yarmolenko,194794,delantero,19,1,1,0,1,west_ham,0
65,G. Pezzella,193601,defensa,23,22,1,0,6,real_betis,0
481,J. Branthwaite,193290,defensa,6,4,1,0,1,everton,0
699,B. Nuytinck,193091,defensa,27,23,1,0,2,udinese,0
249,S. Mustafi,192227,defensa,11,8,1,0,1,levante,0
783,A. Gudmundsson,191076,mediocentro,12,6,1,0,3,genoa,0
920,G. Gudmundsson,191076,defensa,30,15,1,0,3,lille,0
139,Oier,190432,mediocentro,25,8,1,0,3,osasuna,0
523,D. Gosling,184749,mediocentro,4,2,1,0,0,watford,0
360,A. Ogbonna,183855,defensa,11,11,1,0,1,west_ham,0
1024,Z. Youssouf,183829,mediocentro,30,18,1,0,4,saint-étienne,0
443,Zanka,183491,defensa,8,6,1,0,2,brentford,0
234,Víctor Díaz,183353,defensa,22,18,1,0,5,granada,0
740,Albin Ekdal,181318,mediocentro,26,19,1,0,10,sampdoria,0
482,S. Coleman,180216,defensa,30,30,1,0,4,everton,0
762,F. Fazio,179847,defensa,16,16,1,0,2,salernitana,0
17,G. Bale,173731,delantero,5,4,1,0,2,real_madrid,0
431,J. Tomkins,173546,defensa,8,6,1,0,2,crystal_palace,0
513,Jack Cork,169706,mediocentro,20,20,1,0,4,burnley,0
479,S. Long,169216,delantero,13,3,1,0,1,southampton,0
962,A. Oyongo,152908,defensa,11,7,1,0,5,montpellier,0
368,M. Noble,152879,mediocentro,11,3,1,0,0,west_ham,0
21,G. Piqué,152729,defensa,27,25,1,0,9,barcelona,0
67,Marc Bartra,0,defensa,23,23,1,0,5,real_betis,0
82,Jon Guridi,0,mediocentro,8,1,1,0,0,real_sociedad,0
115,Oier Zarraga,0,mediocentro,31,8,1,0,5,athletic,0
124,Yunus Musah,0,mediocentro,29,13,1,0,5,valencia,0
169,Lucas Olaza,0,defensa,5,3,1,0,1,elche,0
173,E. Ponce,0,delantero,13,5,1,0,2,elche,0
191,Loren Morón,0,delantero,21,4,1,0,0,espanyol,0
205,Franco Russo,0,defensa,19,17,1,0,5,mallorca,0
210,Iddrisu Baba,0,mediocentro,26,23,1,0,9,mallorca,0
212,C. Grenier,0,mediocentro,5,0,1,0,1,mallorca,0
248,Coke Andújar,0,defensa,6,1,1,0,1,levante,0
390,Shane Duffy,0,defensa,18,15,1,0,7,brighton_&_hove_albion,0
516,Ashley Barnes,0,delantero,23,8,1,0,4,burnley,0
520,H. Kamara,0,defensa,19,18,1,0,4,watford,0
613,Jovane Cabral,0,delantero,3,2,1,0,0,lazio,0
646,G. Scalvini,0,defensa,18,9,1,0,1,atalanta,0
669,Martin Hongla,0,mediocentro,18,7,1,0,3,hellas_verona,0
757,D. Strelec,0,delantero,10,7,1,0,0,spezia,0
803,P. Kimpembe,0,defensa,30,29,1,0,6,psg,0
820,B. Kamara,0,mediocentro,34,31,1,0,5,olympique_marseille,0
827,Axel Disasi,0,defensa,32,30,1,0,5,monaco,0
829,B. Badiashile,0,defensa,24,21,1,0,4,monaco,0
837,Krepin Diatta,0,delantero,8,3,1,0,0,monaco,0
846,L. Ugochukwu,0,mediocentro,17,3,1,0,2,stade_rennais,0
854,J. Todibo,0,defensa,36,35,1,0,6,nice,0
867,A. Djiku,0,defensa,31,30,1,0,9,strasbourg,0
876,Sanjin Prcić,0,mediocentro,32,27,1,0,4,strasbourg,0
883,F. Medina,0,defensa,31,30,1,0,11,lens,0
893,Corentin Jean,0,delantero,17,1,1,0,2,lens,0
904,T. Kadewere,0,delantero,15,3,1,0,1,olympique_lyonnais,0
905,J. Castelletto,0,defensa,28,28,1,0,8,nantes,0
908,N. Pallois,0,defensa,30,29,1,0,7,nantes,0
933,L. Brassier,0,defensa,31,23,1,0,4,stade_brestois,0
946,Thomas Foket,0,defensa,29,26,1,0,5,stade_de_reims,0
947,M. Busi,0,defensa,18,13,1,0,3,stade_de_reims,0
960,Junior Sambia,0,defensa,30,16,1,0,4,montpellier,0
972,N. Bentaleb,0,mediocentro,18,18,1,0,4,angers_sco,0
984,B. Dominguès,0,mediocentro,11,1,1,0,0,troyes,0
994,Moritz Jenz,0,defensa,17,16,1,0,4,lorient,0
996,L. Petrot,0,defensa,22,21,1,0,0,lorient,0
1007,Florent Ogier,0,defensa,30,29,1,0,6,clermont,0
1010,Yohann Magnin,0,mediocentro,24,19,1,0,2,clermont,0
1017,M. Trauco,0,defensa,17,12,1,0,3,saint-étienne,0
1021,E. Mangala,0,defensa,14,14,1,0,9,saint-étienne,0
1023,L. Gourna-Douath,0,mediocentro,31,20,1,0,7,saint-étienne,0
1030,M. Udol,0,defensa,12,11,1,0,0,metz,0
1033,Kiki Kouyaté,0,defensa,30,30,1,0,9,metz,0
1038,V. Pajot,0,mediocentro,30,27,1,0,7,metz,0
1048,E. Mexer,0,defensa,16,14,1,0,2,girondins_bordeaux,0
1050,E. Kwateng,0,defensa,29,22,1,0,5,girondins_bordeaux,0
